patient_id,pathways,mean_attention_mass_top,mean_attention_abs_delta,mean_random_abs_delta,mean_faithfulness_gain,median_faithfulness_gain,mean_faithfulness_ratio
TCGA-2F-A9KO,186,0.10432878933766837,0.0014888650627546414,0.00019057591756184897,0.0012982891451927922,0.0012044906616210938,40.75080162119701
TCGA-2F-A9KP,186,0.18973406023716413,1.857412180592937,0.12476386434288435,1.7326483162500526,-0.0017800331115722656,50.07577535310224
TCGA-2F-A9KQ,186,0.18543593801798358,0.45473927323536206,0.09200803695186492,0.3627312362834971,0.36534881591796875,54.56824169590945
TCGA-2F-A9KR,186,0.3831432396445864,25.148084668702978,0.15002117362073672,24.99806349508224,48.65233659744263,204.00394409415355
TCGA-2F-A9KT,186,0.4459959144393603,43.89820223469888,2.1264829353619645,41.771719299336915,72.64630937576294,128.89614799180958
TCGA-2F-A9KW,186,0.23791672986361287,0.07236286901658581,0.00872080813172043,0.06364206088486538,0.013795852661132812,24.3751472947936
TCGA-4Z-AA7M,186,0.2640110237864397,2.4331230527611187,0.1369041447998375,2.2962189079612814,0.0002894401550292969,33.009614120661205
TCGA-4Z-AA7N,186,0.3908337200841596,9.50682818633254,0.06394506269885648,9.442883123633681,0.07280349731445312,213.231124396054
TCGA-4Z-AA7O,186,0.5509511832828804,55.053185347587835,0.12706358714770244,54.92612176044013,71.93242073059082,735.5464813526912
TCGA-4Z-AA7Q,186,0.10014111284286745,0.0017582623548405144,0.00026510511675188617,0.0014931572380886284,0.0015567541122436523,22.484937923121052
TCGA-4Z-AA7R,186,0.14514236584786447,0.057268402909719816,0.00845851949466172,0.0488098834150581,0.005530118942260742,12.881631506959215
TCGA-4Z-AA7S,186,0.2281814701054045,0.23101462087323588,0.03562922118812479,0.1953853996851111,0.043137550354003906,11.757830322857219
TCGA-4Z-AA7W,186,0.5842246545018047,2.614208816200174,0.1363034402170489,2.4779053759831253,3.081785202026367,29.177552966360953
TCGA-4Z-AA7Y,186,0.3596232918401559,0.04121882941133233,0.021728843771001344,0.01948998564033098,0.01715850830078125,4.499640631812405
TCGA-4Z-AA80,186,0.2306345526569633,5.145015173060919,0.010737347346480174,5.13427782571444,0.005414009094238281,3220.3863507968044
