condition,patient_id,OS_MONTHS,OS_STATUS,risk_score
full_multimodal,TCGA-2F-A9KO,24.131242752075195,1:DECEASED,-9.200448036193848
full_multimodal,TCGA-2F-A9KP,11.966992378234863,1:DECEASED,7.1410136222839355
full_multimodal,TCGA-2F-A9KQ,94.88114929199219,0:LIVING,-78.00399780273438
full_multimodal,TCGA-2F-A9KR,104.64543151855469,1:DECEASED,-60.118621826171875
full_multimodal,TCGA-2F-A9KT,108.95223236083984,0:LIVING,-81.46426391601562
full_multimodal,TCGA-2F-A9KW,8.350593566894531,1:DECEASED,17.749509811401367
full_multimodal,TCGA-4Z-AA7M,16.273794174194336,0:LIVING,-4.226315021514893
full_multimodal,TCGA-4Z-AA7N,44.94197463989258,1:DECEASED,-27.554935455322266
full_multimodal,TCGA-4Z-AA7O,16.832693099975586,0:LIVING,-87.89732360839844
full_multimodal,TCGA-4Z-AA7Q,16.766939163208008,1:DECEASED,1.0237782001495361
full_multimodal,TCGA-4Z-AA7R,17.161455154418945,1:DECEASED,-4.090224742889404
full_multimodal,TCGA-4Z-AA7S,34.980438232421875,1:DECEASED,-16.63510513305664
full_multimodal,TCGA-4Z-AA7W,27.61613655090332,0:LIVING,-55.0015983581543
full_multimodal,TCGA-4Z-AA7Y,50.03780746459961,0:LIVING,-81.08363342285156
full_multimodal,TCGA-4Z-AA80,0.6246507167816162,1:DECEASED,29.202247619628906
gene_only_masked_wsi,TCGA-2F-A9KO,24.131242752075195,1:DECEASED,-7.441217422485352
gene_only_masked_wsi,TCGA-2F-A9KP,11.966992378234863,1:DECEASED,-1.1327941417694092
gene_only_masked_wsi,TCGA-2F-A9KQ,94.88114929199219,0:LIVING,-2.524749517440796
gene_only_masked_wsi,TCGA-2F-A9KR,104.64543151855469,1:DECEASED,-3.7305736541748047
gene_only_masked_wsi,TCGA-2F-A9KT,108.95223236083984,0:LIVING,-3.3630409240722656
gene_only_masked_wsi,TCGA-2F-A9KW,8.350593566894531,1:DECEASED,2.9482674598693848
gene_only_masked_wsi,TCGA-4Z-AA7M,16.273794174194336,0:LIVING,-2.5377469062805176
gene_only_masked_wsi,TCGA-4Z-AA7N,44.94197463989258,1:DECEASED,-1.7703375816345215
gene_only_masked_wsi,TCGA-4Z-AA7O,16.832693099975586,0:LIVING,-3.8904857635498047
gene_only_masked_wsi,TCGA-4Z-AA7Q,16.766939163208008,1:DECEASED,2.7826428413391113
gene_only_masked_wsi,TCGA-4Z-AA7R,17.161455154418945,1:DECEASED,-1.4613299369812012
gene_only_masked_wsi,TCGA-4Z-AA7S,34.980438232421875,1:DECEASED,-2.11618709564209
gene_only_masked_wsi,TCGA-4Z-AA7W,27.61613655090332,0:LIVING,3.1076903343200684
gene_only_masked_wsi,TCGA-4Z-AA7Y,50.03780746459961,0:LIVING,-3.2982025146484375
gene_only_masked_wsi,TCGA-4Z-AA80,0.6246507167816162,1:DECEASED,-0.5772686004638672
wsi_only_masked_gene,TCGA-2F-A9KO,24.131242752075195,1:DECEASED,-1.810167670249939
wsi_only_masked_gene,TCGA-2F-A9KP,11.966992378234863,1:DECEASED,-0.5803811550140381
wsi_only_masked_gene,TCGA-2F-A9KQ,94.88114929199219,0:LIVING,-31.786001205444336
wsi_only_masked_gene,TCGA-2F-A9KR,104.64543151855469,1:DECEASED,-2.3980021476745605
wsi_only_masked_gene,TCGA-2F-A9KT,108.95223236083984,0:LIVING,-0.659113883972168
wsi_only_masked_gene,TCGA-2F-A9KW,8.350593566894531,1:DECEASED,-13.658750534057617
wsi_only_masked_gene,TCGA-4Z-AA7M,16.273794174194336,0:LIVING,-1.1206954717636108
wsi_only_masked_gene,TCGA-4Z-AA7N,44.94197463989258,1:DECEASED,-6.734897613525391
wsi_only_masked_gene,TCGA-4Z-AA7O,16.832693099975586,0:LIVING,-3.0682764053344727
wsi_only_masked_gene,TCGA-4Z-AA7Q,16.766939163208008,1:DECEASED,-1.8098036050796509
wsi_only_masked_gene,TCGA-4Z-AA7R,17.161455154418945,1:DECEASED,-6.700529098510742
wsi_only_masked_gene,TCGA-4Z-AA7S,34.980438232421875,1:DECEASED,-9.072067260742188
wsi_only_masked_gene,TCGA-4Z-AA7W,27.61613655090332,0:LIVING,-8.114346504211426
wsi_only_masked_gene,TCGA-4Z-AA7Y,50.03780746459961,0:LIVING,-11.004182815551758
wsi_only_masked_gene,TCGA-4Z-AA80,0.6246507167816162,1:DECEASED,-5.379650115966797
