patient_id,num_real_patches,top1_attention_mass,top3_attention_mass,top5_attention_mass,top10_attention_mass,mean_attention,max_attention
TCGA-2F-A9KO,144,0.0069566452875733376,0.020859327167272568,0.03476087749004364,0.06950723379850388,0.0069444444961845875,0.0069566452875733376
TCGA-2F-A9KP,148,0.024219293147325516,0.054008591920137405,0.06709299236536026,0.09979801625013351,0.006756756920367479,0.024219293147325516
TCGA-2F-A9KQ,109,0.011309974826872349,0.033891692757606506,0.05625317618250847,0.11183908581733704,0.00917431153357029,0.011309974826872349
TCGA-2F-A9KR,126,0.12936261296272278,0.38204315304756165,0.6229705810546875,0.6385678648948669,0.007936508394777775,0.12936261296272278
TCGA-2F-A9KT,137,0.1996564120054245,0.4002021253108978,0.40916264057159424,0.4315589368343353,0.007299270015209913,0.1996564120054245
TCGA-2F-A9KW,139,0.007814195938408375,0.023430706933140755,0.03903944045305252,0.07803398370742798,0.007194244768470526,0.007814195938408375
TCGA-4Z-AA7M,94,0.05031614378094673,0.10875532031059265,0.12837360799312592,0.17740225791931152,0.010638297535479069,0.05031614378094673
TCGA-4Z-AA7N,147,0.012935761362314224,0.03866032510995865,0.06398274004459381,0.12572579085826874,0.006802720949053764,0.012935761362314224
TCGA-4Z-AA7O,142,0.120771624147892,0.34901073575019836,0.5679138898849487,0.7873206734657288,0.007042253389954567,0.120771624147892
TCGA-4Z-AA7Q,100,0.010024924762547016,0.03005092963576317,0.05006903409957886,0.10010187327861786,0.009999999776482582,0.010024924762547016
TCGA-4Z-AA7R,118,0.009267479181289673,0.02780178189277649,0.04633260890841484,0.09262563288211823,0.008474575355648994,0.009267479181289673
TCGA-4Z-AA7S,162,0.006270900368690491,0.018808554857969284,0.03134150803089142,0.06266520917415619,0.0061728390865027905,0.006270900368690491
TCGA-4Z-AA7W,123,0.04010516777634621,0.11896456778049469,0.19729256629943848,0.3883249759674072,0.008130080997943878,0.04010516777634621
TCGA-4Z-AA7Y,159,0.03516542911529541,0.10482346266508102,0.1728542447090149,0.33720457553863525,0.006289307959377766,0.03516542911529541
TCGA-4Z-AA80,109,0.010850864462554455,0.031586211174726486,0.051440268754959106,0.09956702589988708,0.009174313396215439,0.010850864462554455
