patient_id,patch_index,patch_rank,attention_score,x,y
TCGA-2F-A9KO,14,1,0.0069566452875733376,12800.0,22016.0
TCGA-2F-A9KO,137,2,0.00695150438696146,4608.0,13824.0
TCGA-2F-A9KO,33,3,0.0069511765614151955,2048.0,10752.0
TCGA-2F-A9KO,7,4,0.006951016839593649,29952.0,12032.0
TCGA-2F-A9KO,57,5,0.006950531620532274,22016.0,23040.0
TCGA-2F-A9KO,47,6,0.0069500901736319065,9216.0,24832.0
TCGA-2F-A9KO,23,7,0.006950014270842075,16640.0,22528.0
TCGA-2F-A9KO,123,8,0.006948909256607294,14080.0,24832.0
TCGA-2F-A9KO,46,9,0.006948675960302353,14336.0,3328.0
TCGA-2F-A9KO,31,10,0.006948675494641066,11776.0,7424.0
TCGA-2F-A9KP,117,1,0.024219293147325516,23808.0,4864.0
TCGA-2F-A9KP,2,2,0.023246267810463905,17664.0,2560.0
TCGA-2F-A9KP,26,3,0.006543030496686697,17920.0,18432.0
TCGA-2F-A9KP,60,4,0.006542796269059181,5376.0,13824.0
TCGA-2F-A9KP,99,5,0.0065416027791798115,23296.0,23040.0
TCGA-2F-A9KP,36,6,0.006541529670357704,19968.0,5120.0
TCGA-2F-A9KP,11,7,0.006541270297020674,13824.0,19712.0
TCGA-2F-A9KP,59,8,0.006541097536683083,5120.0,16384.0
TCGA-2F-A9KP,78,9,0.006540755275636911,4096.0,11008.0
TCGA-2F-A9KP,47,10,0.006540372036397457,16896.0,12800.0
TCGA-2F-A9KQ,26,1,0.011309974826872349,8192.0,10752.0
TCGA-2F-A9KQ,5,2,0.011304677464067936,7424.0,9984.0
TCGA-2F-A9KQ,70,3,0.011277041397988796,8704.0,12288.0
TCGA-2F-A9KQ,92,4,0.011191001161932945,24832.0,6400.0
TCGA-2F-A9KQ,84,5,0.011170480400323868,21248.0,5376.0
TCGA-2F-A9KQ,69,6,0.011157922446727753,6656.0,10240.0
TCGA-2F-A9KQ,87,7,0.011140151880681515,5376.0,10240.0
TCGA-2F-A9KQ,85,8,0.011121191084384918,22272.0,6400.0
TCGA-2F-A9KQ,10,9,0.011118129827082157,23808.0,4096.0
TCGA-2F-A9KQ,90,10,0.011048514395952225,8448.0,13056.0
TCGA-2F-A9KR,82,1,0.12936261296272278,22784.0,20224.0
TCGA-2F-A9KR,50,2,0.1268353909254074,23552.0,20224.0
TCGA-2F-A9KR,4,3,0.12584516406059265,20992.0,12288.0
TCGA-2F-A9KR,119,4,0.1239670068025589,15360.0,21504.0
TCGA-2F-A9KR,20,5,0.11696039885282516,23552.0,24832.0
TCGA-2F-A9KR,36,6,0.0031196882482618093,8960.0,5888.0
TCGA-2F-A9KR,60,7,0.003119579516351223,8704.0,21248.0
TCGA-2F-A9KR,123,8,0.0031194998882710934,14848.0,12288.0
TCGA-2F-A9KR,78,9,0.003119352040812373,19968.0,20224.0
TCGA-2F-A9KR,11,10,0.0031191750895231962,17152.0,15104.0
TCGA-2F-A9KT,4,1,0.1996564120054245,3584.0,24576.0
TCGA-2F-A9KT,12,2,0.19606487452983856,5120.0,15616.0
TCGA-2F-A9KT,36,3,0.004480848554521799,17152.0,7680.0
TCGA-2F-A9KT,123,4,0.0044804406352341175,21504.0,17408.0
TCGA-2F-A9KT,63,5,0.004480061121284962,20224.0,8704.0
TCGA-2F-A9KT,130,6,0.004479767754673958,12032.0,12288.0
TCGA-2F-A9KT,111,7,0.004479530267417431,14336.0,15872.0
TCGA-2F-A9KT,53,8,0.004479526542127132,28416.0,10240.0
TCGA-2F-A9KT,42,9,0.004478792659938335,26624.0,14848.0
TCGA-2F-A9KT,47,10,0.004478702787309885,20480.0,21248.0
TCGA-2F-A9KW,26,1,0.007814195938408375,9984.0,23040.0
TCGA-2F-A9KW,72,2,0.007810158189386129,6400.0,12544.0
TCGA-2F-A9KW,63,3,0.0078063528053462505,10240.0,16640.0
TCGA-2F-A9KW,36,4,0.007806224282830954,5120.0,4352.0
TCGA-2F-A9KW,94,5,0.007802510634064674,9728.0,9984.0
TCGA-2F-A9KW,130,6,0.007801372557878494,9216.0,8448.0
TCGA-2F-A9KW,96,7,0.007799272425472736,15616.0,17408.0
TCGA-2F-A9KW,102,8,0.007798802573233843,23296.0,6656.0
TCGA-2F-A9KW,70,9,0.0077981301583349705,25088.0,19712.0
TCGA-2F-A9KW,105,10,0.007796963211148977,6656.0,6656.0
TCGA-4Z-AA7M,4,1,0.05031614378094673,23552.0,13824.0
TCGA-4Z-AA7M,11,2,0.04862510412931442,1024.0,17408.0
TCGA-4Z-AA7M,36,3,0.00981406681239605,6656.0,7680.0
TCGA-4Z-AA7M,15,4,0.009809634648263454,10752.0,4864.0
TCGA-4Z-AA7M,26,5,0.009808650240302086,20480.0,11264.0
TCGA-4Z-AA7M,89,6,0.009806712158024311,20480.0,10752.0
TCGA-4Z-AA7M,35,7,0.009806510992348194,5120.0,5888.0
TCGA-4Z-AA7M,72,8,0.009805900044739246,7424.0,10240.0
TCGA-4Z-AA7M,14,9,0.009805073961615562,16640.0,9216.0
TCGA-4Z-AA7M,78,10,0.009804479777812958,6400.0,8192.0
TCGA-4Z-AA7N,26,1,0.012935761362314224,16128.0,14592.0
TCGA-4Z-AA7N,85,2,0.012927725911140442,2304.0,13824.0
TCGA-4Z-AA7N,5,3,0.012796836905181408,26112.0,4864.0
TCGA-4Z-AA7N,24,4,0.012668605893850327,19968.0,11520.0
TCGA-4Z-AA7N,52,5,0.012653808109462261,20224.0,10240.0
TCGA-4Z-AA7N,99,6,0.012622574344277382,2304.0,13568.0
TCGA-4Z-AA7N,25,7,0.01246531680226326,24576.0,10240.0
TCGA-4Z-AA7N,6,8,0.012285348027944565,20480.0,11776.0
TCGA-4Z-AA7N,53,9,0.01225025299936533,21760.0,9472.0
TCGA-4Z-AA7N,4,10,0.012119559571146965,12800.0,16896.0
TCGA-4Z-AA7O,5,1,0.120771624147892,23808.0,13056.0
TCGA-4Z-AA7O,27,2,0.1145179271697998,18688.0,6144.0
TCGA-4Z-AA7O,55,3,0.11372118443250656,21248.0,4608.0
TCGA-4Z-AA7O,4,4,0.11042015254497528,19456.0,5376.0
TCGA-4Z-AA7O,42,5,0.10848301649093628,18176.0,6656.0
TCGA-4Z-AA7O,50,6,0.10748732835054398,20224.0,11264.0
TCGA-4Z-AA7O,43,7,0.10708198696374893,22016.0,9216.0
TCGA-4Z-AA7O,26,8,0.0016127679264172912,13568.0,9728.0
TCGA-4Z-AA7O,123,9,0.0016125253168866038,22784.0,3072.0
TCGA-4Z-AA7O,85,10,0.0016121293883770704,13056.0,13312.0
TCGA-4Z-AA7Q,8,1,0.010024924762547016,13568.0,3584.0
TCGA-4Z-AA7Q,28,2,0.010015166364610195,4864.0,5376.0
TCGA-4Z-AA7Q,38,3,0.010010839439928532,6912.0,5376.0
TCGA-4Z-AA7Q,4,4,0.010009335353970528,4352.0,14336.0
TCGA-4Z-AA7Q,24,5,0.010008768178522587,8448.0,7168.0
TCGA-4Z-AA7Q,31,6,0.010007458738982677,5632.0,7168.0
TCGA-4Z-AA7Q,7,7,0.010006734170019627,1792.0,13056.0
TCGA-4Z-AA7Q,59,8,0.010006469674408436,8960.0,4608.0
TCGA-4Z-AA7Q,56,9,0.010006190277636051,8192.0,9728.0
TCGA-4Z-AA7Q,46,10,0.010005991905927658,16128.0,4608.0
TCGA-4Z-AA7R,43,1,0.009267479181289673,14336.0,5888.0
TCGA-4Z-AA7R,89,2,0.009267293848097324,18944.0,10496.0
TCGA-4Z-AA7R,63,3,0.009267010726034641,5120.0,8192.0
TCGA-4Z-AA7R,26,4,0.009265575557947159,11776.0,5632.0
TCGA-4Z-AA7R,45,5,0.009265252389013767,14592.0,11008.0
TCGA-4Z-AA7R,60,6,0.009260332211852074,3072.0,9984.0
TCGA-4Z-AA7R,44,7,0.009259089827537537,18688.0,12544.0
TCGA-4Z-AA7R,91,8,0.009258643724024296,768.0,16896.0
TCGA-4Z-AA7R,88,9,0.009257842786610126,6912.0,4352.0
TCGA-4Z-AA7R,15,10,0.009257115423679352,7424.0,4096.0
TCGA-4Z-AA7S,72,1,0.006270900368690491,15616.0,9984.0
TCGA-4Z-AA7S,47,2,0.006268874742090702,3584.0,8704.0
TCGA-4Z-AA7S,63,3,0.006268780212849379,14336.0,13568.0
TCGA-4Z-AA7S,123,4,0.0062670353800058365,6656.0,4608.0
TCGA-4Z-AA7S,111,5,0.00626591918990016,14848.0,15872.0
TCGA-4Z-AA7S,145,6,0.006265784613788128,2048.0,9728.0
TCGA-4Z-AA7S,110,7,0.006265424191951752,3072.0,13824.0
TCGA-4Z-AA7S,78,8,0.006264851428568363,12800.0,7168.0
TCGA-4Z-AA7S,70,9,0.006263974122703075,5376.0,6144.0
TCGA-4Z-AA7S,158,10,0.006263659801334143,13312.0,15104.0
TCGA-4Z-AA7W,26,1,0.04010516777634621,16896.0,13056.0
TCGA-4Z-AA7W,122,2,0.03946750983595848,11520.0,12800.0
TCGA-4Z-AA7W,81,3,0.0393918938934803,17152.0,6656.0
TCGA-4Z-AA7W,4,4,0.03930841386318207,11264.0,10752.0
TCGA-4Z-AA7W,115,5,0.039019592106342316,16384.0,13312.0
TCGA-4Z-AA7W,27,6,0.0383894145488739,15616.0,4096.0
TCGA-4Z-AA7W,18,7,0.03821196407079697,13312.0,14848.0
TCGA-4Z-AA7W,82,8,0.038169700652360916,14080.0,11776.0
TCGA-4Z-AA7W,50,9,0.03814088925719261,5632.0,4096.0
TCGA-4Z-AA7W,51,10,0.03812041133642197,13056.0,11264.0
TCGA-4Z-AA7Y,5,1,0.03516542911529541,11264.0,3072.0
TCGA-4Z-AA7Y,84,2,0.03510606661438942,10496.0,3072.0
TCGA-4Z-AA7Y,132,3,0.03455197066068649,10752.0,6912.0
TCGA-4Z-AA7Y,87,4,0.03438204154372215,6656.0,8960.0
TCGA-4Z-AA7Y,85,5,0.033648740500211716,7424.0,11776.0
TCGA-4Z-AA7Y,131,6,0.033146537840366364,8448.0,8448.0
TCGA-4Z-AA7Y,86,7,0.0331408753991127,7936.0,1536.0
TCGA-4Z-AA7Y,135,8,0.03279213234782219,11776.0,7680.0
TCGA-4Z-AA7Y,105,9,0.032652173191308975,9216.0,9472.0
TCGA-4Z-AA7Y,107,10,0.03261861577630043,6400.0,15616.0
TCGA-4Z-AA80,5,1,0.010850864462554455,20224.0,12544.0
TCGA-4Z-AA80,17,2,0.01069476455450058,2816.0,6144.0
TCGA-4Z-AA80,4,3,0.010040582157671452,16640.0,12032.0
TCGA-4Z-AA80,30,4,0.009943880140781403,12032.0,768.0
TCGA-4Z-AA80,66,5,0.009910177439451218,3584.0,4096.0
TCGA-4Z-AA80,65,6,0.009906911291182041,3072.0,4096.0
TCGA-4Z-AA80,41,7,0.009843756444752216,19712.0,7680.0
TCGA-4Z-AA80,37,8,0.009801052510738373,2816.0,4864.0
TCGA-4Z-AA80,16,9,0.009441849775612354,5632.0,3840.0
TCGA-4Z-AA80,15,10,0.009133191779255867,11008.0,16896.0
