patient_id,draw,seed,valid_patches,removed_patches,remaining_patches,reidentification_accuracy,diagonal_js,between_pathway_js
TCGA-2F-A9KO,1,20261007,144,29,115,0.059139784425497055,2.7887103737356256e-10,2.0394782040966675e-07
TCGA-2F-A9KO,2,20261008,144,29,115,0.04301075264811516,1.5049653745435876e-09,2.1613816159060661e-07
TCGA-2F-A9KO,3,20261009,144,29,115,0.04301075264811516,-3.904353229611246e-10,1.6677920200436347e-07
TCGA-2F-A9KO,4,20261010,144,29,115,0.04301075264811516,1.0928956628575293e-09,2.145698232425275e-07
TCGA-2F-A9KO,5,20261011,144,29,115,0.07526881992816925,-1.8819558411653503e-10,2.0375358644741937e-07
TCGA-2F-A9KP,1,20261107,148,30,118,0.07526881992816925,0.00015896026161499321,0.03980197384953499
TCGA-2F-A9KP,2,20261108,148,30,118,0.09139785170555115,0.000158936862135306,0.039801713079214096
TCGA-2F-A9KP,3,20261109,148,30,118,0.06989247351884842,0.0005374831380322576,0.03244112432003021
TCGA-2F-A9KP,4,20261110,148,30,118,0.05376344174146652,0.0001589719031471759,0.039801809936761856
TCGA-2F-A9KP,5,20261111,148,30,118,0.05376344174146652,0.0006143955979496241,0.03216820955276489
TCGA-2F-A9KQ,1,20261207,109,22,87,0.8763440847396851,3.0913344062355463e-07,0.1671770066022873
TCGA-2F-A9KQ,2,20261208,109,22,87,0.4354838728904724,2.9586395612568595e-05,0.16629712283611298
TCGA-2F-A9KQ,3,20261209,109,22,87,0.36021506786346436,9.881232108455151e-05,0.16542862355709076
TCGA-2F-A9KQ,4,20261210,109,22,87,0.9032257795333862,1.1820335998891096e-07,0.16717515885829926
TCGA-2F-A9KQ,5,20261211,109,22,87,0.36021506786346436,0.00010179936361964792,0.16542844474315643
TCGA-2F-A9KR,1,20261307,126,25,101,0.13978494703769684,0.0008754480513744056,0.08320771157741547
TCGA-2F-A9KR,2,20261308,126,25,101,0.5860214829444885,1.4606889635615516e-06,0.08542313426733017
TCGA-2F-A9KR,3,20261309,126,25,101,0.801075279712677,2.655449407029664e-07,0.08545529097318649
TCGA-2F-A9KR,4,20261310,126,25,101,0.1344086080789566,0.00165734498295933,0.0903046578168869
TCGA-2F-A9KR,5,20261311,126,25,101,0.5698924660682678,1.6073115602921462e-06,0.08543475717306137
TCGA-2F-A9KT,1,20261407,137,27,110,0.2526881694793701,0.0016802460886538029,0.19941233098506927
TCGA-2F-A9KT,2,20261408,137,27,110,0.25806450843811035,0.0016802288591861725,0.19941210746765137
TCGA-2F-A9KT,3,20261409,137,27,110,0.25806450843811035,0.0016795576084405184,0.1994113028049469
TCGA-2F-A9KT,4,20261410,137,27,110,0.32258063554763794,0.00039372339961118996,0.1978341042995453
TCGA-2F-A9KT,5,20261411,137,27,110,0.27419355511665344,0.0016797916032373905,0.1994120180606842
TCGA-2F-A9KW,1,20261507,139,28,111,0.10752688348293304,7.321426528505981e-05,0.07643700391054153
TCGA-2F-A9KW,2,20261508,139,28,111,0.12365591526031494,1.217717544932384e-05,0.07516009360551834
TCGA-2F-A9KW,3,20261509,139,28,111,0.10215053707361221,5.3102987294550985e-05,0.07258583605289459
TCGA-2F-A9KW,4,20261510,139,28,111,0.13978494703769684,1.0420607395644765e-05,0.07509936392307281
TCGA-2F-A9KW,5,20261511,139,28,111,0.09677419066429138,5.695306754205376e-05,0.0725298747420311
TCGA-4Z-AA7M,1,20261607,94,19,75,0.35483869910240173,0.0005534379743039608,0.07864482700824738
TCGA-4Z-AA7M,2,20261608,94,19,75,0.4784946143627167,0.00011718922178260982,0.08988866209983826
TCGA-4Z-AA7M,3,20261609,94,19,75,0.42473119497299194,0.00011720165639417246,0.08988867700099945
TCGA-4Z-AA7M,4,20261610,94,19,75,0.40860214829444885,0.00011724069190677255,0.08988848328590393
TCGA-4Z-AA7M,5,20261611,94,19,75,0.4193548262119293,0.00011727725359378383,0.08988800644874573
TCGA-4Z-AA7N,1,20261707,147,29,118,0.20967741310596466,7.319142605410889e-05,0.12205060571432114
TCGA-4Z-AA7N,2,20261708,147,29,118,0.5376344323158264,1.1599727400835036e-08,0.12438206374645233
TCGA-4Z-AA7N,3,20261709,147,29,118,0.1989247351884842,8.206229540519416e-05,0.1219230443239212
TCGA-4Z-AA7N,4,20261710,147,29,118,0.1989247351884842,0.0002075060037896037,0.12850214540958405
TCGA-4Z-AA7N,5,20261711,147,29,118,0.5322580933570862,1.7017713460631967e-08,0.1243530884385109
TCGA-4Z-AA7O,1,20261807,142,28,114,0.3279569745063782,0.00013873093121219426,0.08834657818078995
TCGA-4Z-AA7O,2,20261808,142,28,114,0.36021506786346436,5.822055391035974e-05,0.08344712108373642
TCGA-4Z-AA7O,3,20261809,142,28,114,0.29032257199287415,0.0005649706581607461,0.07974428683519363
TCGA-4Z-AA7O,4,20261810,142,28,114,0.24193547666072845,0.005136019550263882,0.10618932545185089
TCGA-4Z-AA7O,5,20261811,142,28,114,0.32258063554763794,0.00014855051995255053,0.08842817693948746
TCGA-4Z-AA7Q,1,20261907,100,20,80,0.05376344174146652,2.9170490467578247e-09,1.6521600798569125e-07
TCGA-4Z-AA7Q,2,20261908,100,20,80,0.059139784425497055,-4.332648129157235e-10,1.7395117879459576e-07
TCGA-4Z-AA7Q,3,20261909,100,20,80,0.01075268816202879,-1.585588438324237e-09,1.5004981435140508e-07
TCGA-4Z-AA7Q,4,20261910,100,20,80,0.04838709533214569,-1.5710897027787496e-09,1.4266140624386026e-07
TCGA-4Z-AA7Q,5,20261911,100,20,80,0.01075268816202879,7.052869954726759e-10,1.6064475971688807e-07
TCGA-4Z-AA7R,1,20262007,118,24,94,0.10215053707361221,2.3089232854545116e-06,0.021131375804543495
TCGA-4Z-AA7R,2,20262008,118,24,94,0.08602150529623032,1.3851780522600166e-06,0.02166624739766121
TCGA-4Z-AA7R,3,20262009,118,24,94,0.10215053707361221,2.3138313736126292e-06,0.021130969747900963
TCGA-4Z-AA7R,4,20262010,118,24,94,0.10752688348293304,3.153870011374238e-06,0.021089432761073112
TCGA-4Z-AA7R,5,20262011,118,24,94,0.09677419066429138,2.740668378464761e-06,0.02111000567674637
TCGA-4Z-AA7S,1,20262107,162,32,130,0.4301075339317322,1.7315013565166737e-06,0.10945349931716919
TCGA-4Z-AA7S,2,20262108,162,32,130,0.29032257199287415,3.4645017876755446e-05,0.10677769780158997
TCGA-4Z-AA7S,3,20262109,162,32,130,0.301075279712677,2.1605152142001316e-05,0.11071816086769104
TCGA-4Z-AA7S,4,20262110,162,32,130,0.29032257199287415,3.470643423497677e-05,0.10677739977836609
TCGA-4Z-AA7S,5,20262111,162,32,130,0.34408602118492126,2.011823198699858e-05,0.1106678768992424
TCGA-4Z-AA7W,1,20262207,123,25,98,0.3172042965888977,8.74919060152024e-05,0.17984911799430847
TCGA-4Z-AA7W,2,20262208,123,25,98,0.9301075339317322,9.416438295772878e-09,0.17890967428684235
TCGA-4Z-AA7W,3,20262209,123,25,98,0.2688172161579132,0.00040546400123275816,0.17728324234485626
TCGA-4Z-AA7W,4,20262210,123,25,98,0.31182795763015747,8.615439583081752e-05,0.17808464169502258
TCGA-4Z-AA7W,5,20262211,123,25,98,0.2795698940753937,0.0003372217179276049,0.18086017668247223
TCGA-4Z-AA7Y,1,20262307,159,32,127,0.33870968222618103,0.00013056100578978658,0.06718943268060684
TCGA-4Z-AA7Y,2,20262308,159,32,127,0.3870967626571655,2.7649302865029313e-05,0.06576131284236908
TCGA-4Z-AA7Y,3,20262309,159,32,127,0.5430107712745667,3.593906740206876e-06,0.06427507102489471
TCGA-4Z-AA7Y,4,20262310,159,32,127,0.5752688050270081,3.147565848848899e-06,0.06431271135807037
TCGA-4Z-AA7Y,5,20262311,159,32,127,0.4354838728904724,2.2783111489843577e-05,0.06574703752994537
TCGA-4Z-AA80,1,20262407,109,22,87,0.09677419066429138,7.758928404655308e-05,0.0806918740272522
TCGA-4Z-AA80,2,20262408,109,22,87,0.20430107414722443,1.710707238089526e-06,0.08312975615262985
TCGA-4Z-AA80,3,20262409,109,22,87,0.10215053707361221,8.921085100155324e-05,0.08052705973386765
TCGA-4Z-AA80,4,20262410,109,22,87,0.16129031777381897,1.3051264886598801e-06,0.08317231386899948
TCGA-4Z-AA80,5,20262411,109,22,87,0.12365591526031494,3.5514120099833235e-05,0.08550536632537842
