patient_id,valid_patches,num_draws,reidentification_accuracy,within_required_range
TCGA-2F-A9KO,144,5,0.05268817204301075,True
TCGA-2F-A9KP,148,5,0.06881720430107527,True
TCGA-2F-A9KQ,109,5,0.5870967741935483,True
TCGA-2F-A9KR,126,5,0.44623655913978494,True
TCGA-2F-A9KT,137,5,0.2731182795698925,True
TCGA-2F-A9KW,139,5,0.11397849462365592,True
TCGA-4Z-AA7M,94,5,0.4172043010752688,True
TCGA-4Z-AA7N,147,5,0.33548387096774196,True
TCGA-4Z-AA7O,142,5,0.3086021505376344,True
TCGA-4Z-AA7Q,100,5,0.03655913978494624,False
TCGA-4Z-AA7R,118,5,0.0989247311827957,True
TCGA-4Z-AA7S,162,5,0.3311827956989247,True
TCGA-4Z-AA7W,123,5,0.421505376344086,True
TCGA-4Z-AA7Y,159,5,0.4559139784946237,True
TCGA-4Z-AA80,109,5,0.13763440860215054,True
