patient_id,draw,seed,valid_patches,removed_patches,remaining_patches,real_reidentification_accuracy,null_mean_accuracy,null_std_accuracy,null_max_accuracy,num_permutations
TCGA-2F-A9KO,1,20261007,144,29,115,0.059139784425497055,0.005752688134089112,0.005403562093977479,0.02150537632405758,200
TCGA-2F-A9KO,2,20261008,144,29,115,0.04301075264811516,0.006102150501683354,0.005354076589409556,0.02150537632405758,200
TCGA-2F-A9KO,3,20261009,144,29,115,0.04301075264811516,0.005913978458847851,0.005335664920725674,0.02150537632405758,200
TCGA-2F-A9KO,4,20261010,144,29,115,0.04301075264811516,0.006397849419154227,0.006107185494217168,0.02688172087073326,200
TCGA-2F-A9KO,5,20261011,144,29,115,0.07526881992816925,0.00532258061459288,0.005496311018996354,0.02150537632405758,200
TCGA-2F-A9KP,1,20261107,148,30,118,0.07526881992816925,0.00526881717145443,0.005307277715907737,0.02150537632405758,200
TCGA-2F-A9KP,2,20261108,148,30,118,0.09139785170555115,0.0051344085787422954,0.005093251974124943,0.02688172087073326,200
TCGA-2F-A9KP,3,20261109,148,30,118,0.06989247351884842,0.005295698889531195,0.0052940559804673425,0.032258063554763794,200
TCGA-2F-A9KP,4,20261110,148,30,118,0.05376344174146652,0.005322580619249493,0.004998037219998164,0.02688172087073326,200
TCGA-2F-A9KP,5,20261111,148,30,118,0.05376344174146652,0.005510752655100077,0.005125659876376939,0.02150537632405758,200
TCGA-2F-A9KQ,1,20261207,109,22,87,0.8763440847396851,0.005725806409027427,0.0057314381344933905,0.02150537632405758,200
TCGA-2F-A9KQ,2,20261208,109,22,87,0.4354838728904724,0.005188172003254294,0.005236121837080083,0.02150537632405758,200
TCGA-2F-A9KQ,3,20261209,109,22,87,0.36021506786346436,0.005376344060059637,0.005627153487306837,0.02688172087073326,200
TCGA-2F-A9KQ,4,20261210,109,22,87,0.9032257795333862,0.0049999999534338715,0.005691574377919783,0.032258063554763794,200
TCGA-2F-A9KQ,5,20261211,109,22,87,0.36021506786346436,0.00532258061459288,0.004939571778477868,0.02150537632405758,200
TCGA-2F-A9KR,1,20261307,126,25,101,0.13978494703769684,0.005322580619249493,0.005416449491989061,0.02150537632405758,200
TCGA-2F-A9KR,2,20261308,126,25,101,0.5860214829444885,0.005725806399714202,0.005680526062654371,0.02150537632405758,200
TCGA-2F-A9KR,3,20261309,126,25,101,0.801075279712677,0.00551075265975669,0.0049527133602547705,0.02150537632405758,200
TCGA-2F-A9KR,4,20261310,126,25,101,0.1344086080789566,0.005053763424511999,0.005271027687711425,0.02688172087073326,200
TCGA-2F-A9KR,5,20261311,126,25,101,0.5698924660682678,0.00564516126178205,0.0047830045232208455,0.02150537632405758,200
TCGA-2F-A9KT,1,20261407,137,27,110,0.2526881694793701,0.00499999996740371,0.005127713976707278,0.02150537632405758,200
TCGA-2F-A9KT,2,20261408,137,27,110,0.25806450843811035,0.005698924693278968,0.005271027637923604,0.02150537632405758,200
TCGA-2F-A9KT,3,20261409,137,27,110,0.25806450843811035,0.005698924704920501,0.005215623276098892,0.02688172087073326,200
TCGA-2F-A9KT,4,20261410,137,27,110,0.32258063554763794,0.005887096731457859,0.005459387218277554,0.02150537632405758,200
TCGA-2F-A9KT,5,20261411,137,27,110,0.27419355511665344,0.005080645137932152,0.004916212531353404,0.02150537632405758,200
TCGA-2F-A9KW,1,20261507,139,28,111,0.10752688348293304,0.005456989207305014,0.005348647990987358,0.02150537632405758,200
TCGA-2F-A9KW,2,20261508,139,28,111,0.12365591526031494,0.005806451570242644,0.0052908311848745525,0.02150537632405758,200
TCGA-2F-A9KW,3,20261509,139,28,111,0.10215053707361221,0.004758064488414675,0.00525826726176777,0.032258063554763794,200
TCGA-2F-A9KW,4,20261510,139,28,111,0.13978494703769684,0.0049999999743886294,0.004806029003098926,0.02150537632405758,200
TCGA-2F-A9KW,5,20261511,139,28,111,0.09677419066429138,0.005456989211961627,0.005098382687033589,0.02688172087073326,200
TCGA-4Z-AA7M,1,20261607,94,19,75,0.35483869910240173,0.0054032257851213215,0.005267099393941495,0.02688172087073326,200
TCGA-4Z-AA7M,2,20261608,94,19,75,0.4784946143627167,0.004838709640316665,0.005169748580846307,0.02150537632405758,200
TCGA-4Z-AA7M,3,20261609,94,19,75,0.42473119497299194,0.004999999969732017,0.00509930852232564,0.02150537632405758,200
TCGA-4Z-AA7M,4,20261610,94,19,75,0.40860214829444885,0.005618279529735446,0.005711636418541928,0.02150537632405758,200
TCGA-4Z-AA7M,5,20261611,94,19,75,0.4193548262119293,0.005913978456519544,0.005113246905180077,0.02150537632405758,200
TCGA-4Z-AA7N,1,20261707,147,29,118,0.20967741310596466,0.005591397797688842,0.005439195933279497,0.02688172087073326,200
TCGA-4Z-AA7N,2,20261708,147,29,118,0.5376344323158264,0.006155913942493498,0.0059140398520900785,0.02688172087073326,200
TCGA-4Z-AA7N,3,20261709,147,29,118,0.1989247351884842,0.005456989207305014,0.00556165996053475,0.02150537632405758,200
TCGA-4Z-AA7N,4,20261710,147,29,118,0.1989247351884842,0.0049462365405634045,0.005235636402530611,0.02150537632405758,200
TCGA-4Z-AA7N,5,20261711,147,29,118,0.5322580933570862,0.005645161240827292,0.005646479712524427,0.032258063554763794,200
TCGA-4Z-AA7O,1,20261807,142,28,114,0.3279569745063782,0.005967741904314607,0.005247552266360558,0.02688172087073326,200
TCGA-4Z-AA7O,2,20261808,142,28,114,0.36021506786346436,0.00526881717145443,0.005495518143519576,0.02150537632405758,200
TCGA-4Z-AA7O,3,20261809,142,28,114,0.29032257199287415,0.005188172014895826,0.0050669470601065105,0.02150537632405758,200
TCGA-4Z-AA7O,4,20261810,142,28,114,0.24193547666072845,0.004758064486086368,0.005579911650011743,0.02688172087073326,200
TCGA-4Z-AA7O,5,20261811,142,28,114,0.32258063554763794,0.005456989221274852,0.005402688425938348,0.02688172087073326,200
TCGA-4Z-AA7Q,1,20261907,100,20,80,0.05376344174146652,0.00588709672447294,0.005590834022873448,0.02688172087073326,200
TCGA-4Z-AA7Q,2,20261908,100,20,80,0.059139784425497055,0.005483870944008231,0.004666489575263182,0.02150537632405758,200
TCGA-4Z-AA7Q,3,20261909,100,20,80,0.01075268816202879,0.005107526844367385,0.006115741626684222,0.032258063554763794,200
TCGA-4Z-AA7Q,4,20261910,100,20,80,0.04838709533214569,0.005618279550690204,0.00476924310387734,0.02688172087073326,200
TCGA-4Z-AA7Q,5,20261911,100,20,80,0.01075268816202879,0.0051612902921624485,0.005276536092281011,0.02150537632405758,200
TCGA-4Z-AA7R,1,20262007,118,24,94,0.10215053707361221,0.004892473104409874,0.005175084215846106,0.02688172087073326,200
TCGA-4Z-AA7R,2,20262008,118,24,94,0.08602150529623032,0.005752688136417419,0.005042017532814417,0.02150537632405758,200
TCGA-4Z-AA7R,3,20262009,118,24,94,0.10215053707361221,0.004999999965075403,0.005294947616738017,0.02688172087073326,200
TCGA-4Z-AA7R,4,20262010,118,24,94,0.10752688348293304,0.005510752662084997,0.005320330091233648,0.02688172087073326,200
TCGA-4Z-AA7R,5,20262011,118,24,94,0.09677419066429138,0.006048387051559984,0.005361125514693606,0.02150537632405758,200
TCGA-4Z-AA7S,1,20262107,162,32,130,0.4301075339317322,0.005940860169939697,0.0053464750077268815,0.02150537632405758,200
TCGA-4Z-AA7S,2,20262108,162,32,130,0.29032257199287415,0.0058602150157094,0.005982231823965022,0.02688172087073326,200
TCGA-4Z-AA7S,3,20262109,162,32,130,0.301075279712677,0.005268817166797817,0.00522452742673422,0.02150537632405758,200
TCGA-4Z-AA7S,4,20262110,162,32,130,0.29032257199287415,0.005188172017224133,0.005318691762991223,0.02688172087073326,200
TCGA-4Z-AA7S,5,20262111,162,32,130,0.34408602118492126,0.005456989214289934,0.005012184773494045,0.02150537632405758,200
TCGA-4Z-AA7W,1,20262207,123,25,98,0.3172042965888977,0.005215053730644285,0.005360380400002373,0.032258063554763794,200
TCGA-4Z-AA7W,2,20262208,123,25,98,0.9301075339317322,0.0052150537469424305,0.005852626831735606,0.02688172087073326,200
TCGA-4Z-AA7W,3,20262209,123,25,98,0.2688172161579132,0.004892473085783422,0.005118641379651006,0.02150537632405758,200
TCGA-4Z-AA7W,4,20262210,123,25,98,0.31182795763015747,0.006263440814800561,0.005947836721075832,0.02688172087073326,200
TCGA-4Z-AA7W,5,20262211,123,25,98,0.2795698940753937,0.004973118253983558,0.00513980943047786,0.02688172087073326,200
TCGA-4Z-AA7Y,1,20262307,159,32,127,0.33870968222618103,0.005268817190080881,0.006025055091750544,0.04301075264811516,200
TCGA-4Z-AA7Y,2,20262308,159,32,127,0.3870967626571655,0.005026881687808782,0.004883009500059711,0.02150537632405758,200
TCGA-4Z-AA7Y,3,20262309,159,32,127,0.5430107712745667,0.005026881685480476,0.005472143137015325,0.02688172087073326,200
TCGA-4Z-AA7Y,4,20262310,159,32,127,0.5752688050270081,0.004516129011753947,0.004952786695775296,0.02688172087073326,200
TCGA-4Z-AA7Y,5,20262311,159,32,127,0.4354838728904724,0.0055913978186436,0.0055971307321671165,0.02150537632405758,200
TCGA-4Z-AA80,1,20262407,109,22,87,0.09677419066429138,0.005053763412870466,0.005407055473223336,0.02150537632405758,200
TCGA-4Z-AA80,2,20262408,109,22,87,0.20430107414722443,0.005779569859150797,0.005251633451844155,0.02150537632405758,200
TCGA-4Z-AA80,3,20262409,109,22,87,0.10215053707361221,0.00586021502269432,0.005657787119392643,0.032258063554763794,200
TCGA-4Z-AA80,4,20262410,109,22,87,0.16129031777381897,0.005349462334997952,0.005012764338518036,0.02150537632405758,200
TCGA-4Z-AA80,5,20262411,109,22,87,0.12365591526031494,0.005591397823300212,0.005137053327367476,0.02150537632405758,200
