epoch,learning_rate,survival_total,pic_infonce,combined_total
1,0.0001,2.219268560409546,4.83981990814209,2.219268560409546
2,9.997532801828658e-05,2.353515148162842,4.854786396026611,2.353515148162842
3,9.990133642141359e-05,2.522583484649658,4.911072731018066,2.522583484649658
4,9.977809823015401e-05,2.4138224124908447,4.838136672973633,2.4138224124908447
5,9.960573506572391e-05,2.38002610206604,4.827732086181641,2.38002610206604
6,9.93844170297569e-05,2.388124942779541,4.870870590209961,2.388124942779541
7,9.911436253643445e-05,2.5047152042388916,4.888077735900879,2.5047152042388916
8,9.879583809693738e-05,2.3865890502929688,4.8752665519714355,2.3865890502929688
9,9.842915805643157e-05,2.351994514465332,4.9015960693359375,2.351994514465332
10,9.801468428384717e-05,2.420165538787842,4.91796350479126,2.420165538787842
11,9.75528258147577e-05,2.5294973850250244,4.903353691101074,2.5294973850250244
12,9.70440384477113e-05,2.4927127361297607,4.877991199493408,2.4927127361297607
13,9.64888242944126e-05,2.3245785236358643,4.893066883087158,2.3245785236358643
14,9.588773128419907e-05,2.4059436321258545,4.892069339752197,2.4059436321258545
15,9.5241352623301e-05,2.710963010787964,4.89607048034668,2.710963010787964
16,9.455032620941843e-05,2.416233777999878,4.814235210418701,2.416233777999878
17,9.381533400219321e-05,2.4017820358276367,4.825865745544434,2.4017820358276367
18,9.303710135019722e-05,2.406278371810913,4.909015655517578,2.406278371810913
19,9.22163962751008e-05,2.2732889652252197,4.895382881164551,2.2732889652252197
20,9.135402871372814e-05,2.328890800476074,4.835224628448486,2.328890800476074
21,9.045084971874742e-05,2.4198338985443115,4.839474201202393,2.4198338985443115
22,8.950775061878456e-05,2.681136131286621,4.858745098114014,2.681136131286621
23,8.85256621387895e-05,2.404529333114624,4.9032416343688965,2.404529333114624
24,8.750555348152302e-05,2.329228162765503,4.934380054473877,2.329228162765503
25,8.644843137107061e-05,2.3684918880462646,4.856594085693359,2.3684918880462646
26,8.53553390593274e-05,2.5103330612182617,4.893374919891357,2.5103330612182617
27,8.422735529643446e-05,2.307884454727173,4.868373870849609,2.307884454727173
28,8.306559326618262e-05,2.496816873550415,4.863264083862305,2.496816873550415
29,8.187119948743451e-05,2.4266631603240967,4.860695838928223,2.4266631603240967
30,8.064535268264886e-05,2.366929531097412,4.868432998657227,2.366929531097412
31,7.93892626146237e-05,2.4306509494781494,4.884647846221924,2.4306509494781494
32,7.810416889260657e-05,2.4307961463928223,4.899478435516357,2.4307961463928223
33,7.679133974894987e-05,2.3545570373535156,4.875521183013916,2.3545570373535156
34,7.545207078751861e-05,2.355808973312378,4.876475811004639,2.355808973312378
35,7.40876837050858e-05,2.53585147857666,4.842720031738281,2.53585147857666
36,7.269952498697738e-05,2.3299386501312256,4.881565093994141,2.3299386501312256
37,7.128896457825368e-05,2.472018241882324,4.930721282958984,2.472018241882324
38,6.985739453173907e-05,2.436495780944824,4.900461196899414,2.436495780944824
39,6.840622763423395e-05,2.4544858932495117,4.872365951538086,2.4544858932495117
40,6.693689601226463e-05,2.3474340438842773,4.838829517364502,2.3474340438842773
41,6.545084971874742e-05,2.3205156326293945,4.888185501098633,2.3205156326293945
42,6.394955530196153e-05,2.380897045135498,4.889894485473633,2.380897045135498
43,6.243449435824278e-05,2.480755567550659,4.87697172164917,2.480755567550659
44,6.090716206982718e-05,2.300147294998169,4.862302780151367,2.300147294998169
45,5.9369065729286285e-05,2.509061336517334,4.910475254058838,2.509061336517334
46,5.782172325201159e-05,2.394979953765869,4.902054786682129,2.394979953765869
47,5.626666167821527e-05,2.3197691440582275,4.901861190795898,2.3197691440582275
48,5.470541566592576e-05,2.4385557174682617,4.884237289428711,2.4385557174682617
49,5.313952597646572e-05,2.435134172439575,4.886293411254883,2.435134172439575
50,5.157053795390646e-05,2.540463447570801,4.899999141693115,2.540463447570801
51,5.000000000000004e-05,2.4851768016815186,4.917370319366455,2.4851768016815186
52,4.8429462046093626e-05,2.3297369480133057,4.867406368255615,2.3297369480133057
53,4.686047402353437e-05,2.2859749794006348,4.90405797958374,2.2859749794006348
54,4.5294584334074315e-05,2.292548894882202,4.891575336456299,2.292548894882202
55,4.373333832178482e-05,2.746636152267456,4.869076728820801,2.746636152267456
56,4.217827674798849e-05,2.4863903522491455,4.841092109680176,2.4863903522491455
57,4.06309342707138e-05,2.5954434871673584,4.889997959136963,2.5954434871673584
58,3.909283793017292e-05,2.3861887454986572,4.8868584632873535,2.3861887454986572
59,3.756550564175729e-05,2.370612144470215,4.884875774383545,2.370612144470215
60,3.6050444698038574e-05,2.470140218734741,4.900622367858887,2.470140218734741
61,3.4549150281252677e-05,2.4239401817321777,4.907865524291992,2.4239401817321777
62,3.306310398773547e-05,2.5252699851989746,4.875524520874023,2.5252699851989746
63,3.159377236576615e-05,2.3122260570526123,4.9273786544799805,2.3122260570526123
64,3.0142605468260998e-05,2.49872088432312,4.87103271484375,2.49872088432312
65,2.8711035421746398e-05,2.41697096824646,4.859632968902588,2.41697096824646
66,2.7300475013022693e-05,2.3991167545318604,4.877559185028076,2.3991167545318604
67,2.591231629491426e-05,2.4365365505218506,4.863229274749756,2.4365365505218506
68,2.4547929212481463e-05,2.4150285720825195,4.8647074699401855,2.4150285720825195
69,2.3208660251050185e-05,2.297985553741455,4.903894901275635,2.297985553741455
70,2.1895831107393494e-05,2.513201951980591,4.867177486419678,2.513201951980591
71,2.0610737385376376e-05,2.3726391792297363,4.9211201667785645,2.3726391792297363
72,1.9354647317351195e-05,2.340444326400757,4.8926825523376465,2.340444326400757
73,1.8128800512565537e-05,2.420025110244751,4.944263935089111,2.420025110244751
74,1.6934406733817437e-05,2.4696686267852783,4.86120080947876,2.4696686267852783
75,1.5772644703565586e-05,2.423449993133545,4.913607120513916,2.423449993133545
76,1.4644660940672647e-05,2.436091661453247,4.888051986694336,2.436091661453247
77,1.3551568628929453e-05,2.4674925804138184,4.901962757110596,2.4674925804138184
78,1.2494446518477044e-05,2.3698160648345947,4.861419677734375,2.3698160648345947
79,1.1474337861210558e-05,2.3087737560272217,4.935198783874512,2.3087737560272217
80,1.0492249381215494e-05,2.3917152881622314,4.869184494018555,2.3917152881622314
81,9.549150281252647e-06,2.457911729812622,4.891094207763672,2.457911729812622
82,8.64597128627193e-06,2.4794373512268066,4.872196197509766,2.4794373512268066
83,7.783603724899268e-06,2.376049757003784,4.862731456756592,2.376049757003784
84,6.9628986498028216e-06,2.325866222381592,4.844873428344727,2.325866222381592
85,6.184665997806829e-06,2.507232189178467,4.845881462097168,2.507232189178467
86,5.449673790581617e-06,2.4682207107543945,4.881124019622803,2.4682207107543945
87,4.758647376699038e-06,2.258876323699951,4.8783650398254395,2.258876323699951
88,4.112268715800959e-06,2.3087029457092285,4.880619049072266,2.3087029457092285
89,3.5111757055874366e-06,2.3297128677368164,4.827357292175293,2.3297128677368164
90,2.9559615522887307e-06,2.327456474304199,4.896700382232666,2.327456474304199
91,2.4471741852423263e-06,2.370323657989502,4.8849334716796875,2.370323657989502
92,1.9853157161528544e-06,2.411351203918457,4.880451679229736,2.411351203918457
93,1.5708419435684534e-06,2.372744083404541,4.879633903503418,2.372744083404541
94,1.2041619030626351e-06,2.4678702354431152,4.884032249450684,2.4678702354431152
95,8.85637463565565e-07,2.407745122909546,4.86777925491333,2.407745122909546
96,6.155829702431178e-07,2.4458823204040527,4.857337474822998,2.4458823204040527
97,3.9426493427611224e-07,2.359808921813965,4.861579895019531,2.359808921813965
98,2.2190176984600045e-07,2.4201650619506836,4.900967597961426,2.4201650619506836
99,9.866357858642217e-08,2.4358880519866943,4.861771106719971,2.4358880519866943
100,2.4671981713420026e-08,2.448514938354492,4.8779988288879395,2.448514938354492
